{
  "train_loss": [
    0.4873881395504992,
    0.32771771620535284,
    0.2390747557689216,
    0.18386800825331776,
    0.1511293905288331
  ],
  "train_acc": [
    0.7434262661191556,
    0.8595112023629422,
    0.9042576183272099,
    0.9289496433974498,
    0.941610834954254
  ],
  "val_loss": [
    0.7854255877596769,
    0.4634427109911826,
    0.16372566985249665,
    0.099526680075236,
    0.9610904307257553
  ],
  "val_acc": [
    0.6166342482530077,
    0.7840573445717167,
    0.941574814494633,
    0.964988113248325,
    0.7450111663424825
  ]
}