{
  "train_loss": [
    0.4926414060305814,
    0.32666474087601927,
    0.23340911896065103,
    0.17782064787756338,
    0.1350664735789361,
    0.11225236801318,
    0.09865167549843576,
    0.08916696123030059,
    0.07746521325421113,
    0.07439911373828606
  ],
  "train_acc": [
    0.7357539082198689,
    0.8507312153303076,
    0.9013489662128089,
    0.9299221958072185,
    0.948445717167351,
    0.9583423384482386,
    0.96397053526403,
    0.9674375045025575,
    0.9723813125855486,
    0.9731107268928751
  ],
  "val_loss": [
    0.3833718002207486,
    0.45997906370144415,
    0.23338308648068282,
    0.11076976063035766,
    0.25506437144484906,
    0.35866869410986896,
    0.0908696506687427,
    0.08332605092996187,
    0.0775386968408982,
    0.037177947223912176
  ],
  "val_acc": [
    0.8090915640083568,
    0.7851019379007276,
    0.8939197464159643,
    0.9611339240688711,
    0.8906058641308263,
    0.8974497514588287,
    0.9659966861177148,
    0.9701750594337584,
    0.9696347525394424,
    0.9865283481017217
  ]
}