{
  "train_loss": [
    0.023103634438536823,
    0.0002677467907805212,
    0.00012808514931490764,
    9.447479690968472e-05,
    5.360087170966337e-05
  ],
  "train_acc": [
    0.9976367873436833,
    1.0,
    1.0,
    1.0,
    1.0
  ],
  "val_loss": [
    1.5860906434910743e-05,
    8.528360756877199e-07,
    5.887335899847419e-07,
    2.045509703637289e-08,
    5.3211431215362414e-09
  ],
  "val_acc": [
    1.0,
    1.0,
    1.0,
    1.0,
    1.0
  ]
}